{
  "alarm_cleared": true,
  "band": {
    "assumed": false,
    "delta": 0.1,
    "lower": -0.1,
    "upper": 0.1
  },
  "cusum": {
    "allowance_fraction": 0.5,
    "h_e": 0.7,
    "h_r": null,
    "k": 0.0125
  },
  "factor_share": {
    "path": [
      0.081341,
      0.121713,
      0.108132,
      0.048464,
      0.096289,
      0.109965,
      0.085726,
      0.150439,
      0.033462,
      0.002862,
      0.105381,
      0.035942,
      0.150384,
      0.167014,
      0.149388,
      0.249583,
      0.189851,
      0.226502,
      0.367445,
      0.356795,
      0.331488,
      0.471764,
      0.477019,
      0.457875,
      0.434475,
      0.461711,
      0.452982,
      0.385794,
      0.407428,
      0.440699,
      0.368646,
      0.395426,
      0.366352,
      0.377748,
      0.416424,
      0.507203,
      0.500879,
      0.526802,
      0.480731,
      0.467562,
      0.431555,
      0.491885,
      0.462404,
      0.486815,
      0.439166,
      0.46222,
      0.42634,
      0.406718,
      0.481331,
      0.343545,
      0.392918,
      0.447691,
      0.445179,
      0.268556,
      0.350517,
      0.325959,
      0.358955,
      0.34748,
      0.494599,
      0.44666
    ],
    "slope": {
      "ci_hi": 0.007992,
      "ci_lo": 0.004908,
      "point": 0.00645
    },
    "verdict": "rising"
  },
  "meta": {
    "generator": "m1_drift",
    "manager_code": "M01",
    "manager_name": "Harrowgate Neutral",
    "monitored_class": "beta_market",
    "months": 60,
    "strategy": "equity_market_neutral",
    "tier": "E"
  },
  "operating": {
    "budget_per_year": 0.05,
    "detection_e": {
      "ci_hi": 1.0,
      "ci_lo": 0.987357,
      "median_delay": 7.0,
      "n_detected": 300,
      "n_paths": 300,
      "rate": 1.0
    },
    "detection_r": {
      "ci_hi": 0.012643,
      "ci_lo": 0.0,
      "median_delay": null,
      "n_detected": 0,
      "n_paths": 300,
      "rate": 0.0
    },
    "detection_window": 48,
    "pinned_effect": 0.3,
    "size_e": {
      "n_alarming": 71,
      "n_paths": 300,
      "rate": 0.047333
    }
  },
  "visual": {
    "alarm_month": 18,
    "beta_path": [
      0.108294,
      0.113392,
      0.114131,
      0.060839,
      0.125569,
      0.081048,
      -0.008142,
      0.112043,
      0.041661,
      0.005124,
      0.044488,
      -0.024603,
      0.127916,
      0.175893,
      0.216382,
      0.258204,
      0.218616,
      0.235528,
      0.354775,
      0.369281,
      0.338539,
      0.446443,
      0.366049,
      0.374968,
      0.427186,
      0.451693,
      0.451311,
      0.40866,
      0.437267,
      0.440053,
      0.410397,
      0.404869,
      0.400549,
      0.416088,
      0.441706,
      0.516803,
      0.508383,
      0.495218,
      0.464696,
      0.449856,
      0.443956,
      0.456604,
      0.426891,
      0.502726,
      0.462452,
      0.440359,
      0.424398,
      0.381328,
      0.399359,
      0.347505,
      0.416125,
      0.456901,
      0.45868,
      0.301815,
      0.356667,
      0.343062,
      0.37823,
      0.374272,
      0.483265,
      0.473195
    ],
    "drift_onset": 12,
    "months": [
      "2020-01",
      "2020-02",
      "2020-03",
      "2020-04",
      "2020-05",
      "2020-06",
      "2020-07",
      "2020-08",
      "2020-09",
      "2020-10",
      "2020-11",
      "2020-12",
      "2021-01",
      "2021-02",
      "2021-03",
      "2021-04",
      "2021-05",
      "2021-06",
      "2021-07",
      "2021-08",
      "2021-09",
      "2021-10",
      "2021-11",
      "2021-12",
      "2022-01",
      "2022-02",
      "2022-03",
      "2022-04",
      "2022-05",
      "2022-06",
      "2022-07",
      "2022-08",
      "2022-09",
      "2022-10",
      "2022-11",
      "2022-12",
      "2023-01",
      "2023-02",
      "2023-03",
      "2023-04",
      "2023-05",
      "2023-06",
      "2023-07",
      "2023-08",
      "2023-09",
      "2023-10",
      "2023-11",
      "2023-12",
      "2024-01",
      "2024-02",
      "2024-03",
      "2024-04",
      "2024-05",
      "2024-06",
      "2024-07",
      "2024-08",
      "2024-09",
      "2024-10",
      "2024-11",
      "2024-12"
    ],
    "rolling_beta": [
      null,
      null,
      null,
      null,
      null,
      null,
      null,
      null,
      null,
      null,
      null,
      null,
      null,
      null,
      null,
      null,
      null,
      null,
      null,
      null,
      null,
      null,
      null,
      0.028719,
      0.03082,
      0.174115,
      0.229249,
      0.253046,
      0.257509,
      0.30561,
      0.348531,
      0.362448,
      0.331504,
      0.322814,
      0.32978,
      0.319956,
      0.324375,
      0.325119,
      0.325367,
      0.314823,
      0.373317,
      0.493843,
      0.512223,
      0.507017,
      0.533488,
      0.531808,
      0.559877,
      0.563705,
      0.578778,
      0.527068,
      0.501279,
      0.476794,
      0.484848,
      0.500521,
      0.508378,
      0.494284,
      0.505691,
      0.497288,
      0.393862,
      0.369528
    ],
    "s_plus": [
      0.0,
      0.000892,
      0.002523,
      0.0,
      0.013069,
      0.0,
      0.0,
      0.0,
      0.0,
      0.0,
      0.0,
      0.0,
      0.015416,
      0.078809,
      0.18269,
      0.328394,
      0.43451,
      0.557538,
      0.799813,
      1.056594,
      1.282633,
      1.616576,
      1.870126,
      2.132593,
      2.44728,
      2.786473,
      3.125284,
      3.421445,
      3.746212,
      4.073764,
      4.371662,
      4.66403,
      4.952079,
      5.255668,
      5.584874,
      5.989177,
      6.385059,
      6.767777,
      7.119973,
      7.457329,
      7.788785,
      8.132889,
      8.44728,
      8.837505,
      9.187457,
      9.515316,
      9.827213,
      10.096042,
      10.382901,
      10.617906,
      10.921531,
      11.265932,
      11.612112,
      11.801427,
      12.045594,
      12.276156,
      12.541885,
      12.803658,
      13.174423,
      13.535118
    ],
    "wander_p05": [
      -0.003207,
      0.008323,
      0.007642,
      0.00323,
      0.002486,
      -0.001435,
      0.001151,
      -0.014317,
      0.013117,
      0.002524,
      0.003119,
      0.007854,
      -0.003798,
      -0.006966,
      -0.017347,
      -0.004529,
      0.00515,
      0.001826,
      -0.00212,
      0.002282,
      -0.006013,
      -0.001558,
      -0.010234,
      -0.007814,
      0.000466,
      0.012371,
      0.016596,
      0.010364,
      0.003187,
      0.007341,
      0.013993,
      0.004523,
      0.006919,
      0.008221,
      0.006561,
      0.003988,
      -0.019021,
      -0.004618,
      -0.013285,
      0.008419,
      0.013051,
      0.000917,
      0.009526,
      -0.001924,
      0.002697,
      0.013224,
      0.004557,
      0.004312,
      0.010703,
      -0.001381,
      0.011367,
      -0.008083,
      -0.015535,
      0.003184,
      -0.006641,
      0.003623,
      0.017066,
      -0.001149,
      -0.00101,
      -0.012317
    ],
    "wander_p50": [
      0.098491,
      0.107475,
      0.097698,
      0.094978,
      0.104341,
      0.096135,
      0.099484,
      0.089211,
      0.09788,
      0.10402,
      0.103212,
      0.099703,
      0.097923,
      0.095462,
      0.092332,
      0.097155,
      0.096312,
      0.096235,
      0.096571,
      0.10094,
      0.10233,
      0.095198,
      0.097988,
      0.093729,
      0.098153,
      0.100882,
      0.098231,
      0.106228,
      0.097183,
      0.101655,
      0.103671,
      0.101626,
      0.099516,
      0.105097,
      0.098009,
      0.102249,
      0.109174,
      0.104865,
      0.100347,
      0.104159,
      0.094913,
      0.104613,
      0.097,
      0.104885,
      0.101182,
      0.100198,
      0.106874,
      0.101878,
      0.102083,
      0.098009,
      0.094598,
      0.097688,
      0.094025,
      0.100102,
      0.099112,
      0.105419,
      0.104895,
      0.102953,
      0.106371,
      0.098589
    ],