{
  "aggregate": {
    "design_effect": 2.071878,
    "events_per_cohort": 3.0,
    "events_to_detect": {
      "events_per_cohort": 3.0,
      "n": 717.0,
      "rho": 0.535939,
      "true_gap": 0.02
    },
    "gate_banner": "N too small for an average \u2014 these are individual decisions, not a track record.",
    "intra_cohort_rho": 0.535939,
    "n_cohorts": 5,
    "n_effective": 7.23981,
    "n_events": 15,
    "posterior": {
      "ci_hi": 0.025465,
      "ci_lo": -0.038309,
      "point": -0.006422
    },
    "prob_positive": 0.370224,
    "raw_mean": -0.10623,
    "raw_mean_ci": {
      "hi": 0.037585,
      "lo": -0.226945
    },
    "raw_mean_gated": true,
    "shrinkage_weight": 0.060452,
    "verdict": "indistinguishable",
    "verdict_chip": "indistinguishable from the base rate"
  },
  "cohort_paths": {
    "fired": [
      0.0,
      0.013478,
      0.004403,
      0.007166,
      0.02431,
      0.007372,
      0.002896,
      0.018135,
      0.023048,
      0.029195,
      0.016635,
      0.020177,
      0.034603,
      0.043756,
      0.054097,
      0.05723,
      0.062331,
      0.081142,
      0.076306,
      0.085709,
      0.074557,
      0.094501,
      0.079452,
      0.082364,
      0.07032,
      0.065436,
      0.089639,
      0.093131,
      0.096876,
      0.105156,
      0.124937,
      0.134167,
      0.130665,
      0.160547,
      0.169131,
      0.167542,
      0.174749
    ],
    "replacement": [
      0.0,
      -0.001577,
      -0.003563,
      -0.011136,
      0.001769,
      0.006946,
      -0.003258,
      0.010953,
      0.010776,
      0.027663,
      0.011076,
      0.006673,
      0.036066,
      0.033211,
      0.03615,
      0.031178,
      0.030984,
      0.015817,
      0.024734,
      0.027367,
      0.038676,
      0.038327,
      0.026135,
      0.045299,
      0.041038,
      0.065083,
      0.061677,
      0.069105,
      0.083406,
      0.062191,
      0.053721,
      0.077529,
      0.096793,
      0.116205,
      0.113799,
      0.099529,
      0.089706
    ],
    "trailing_window_months": 36
  },
  "events": [
    {
      "counterfactual_forward": 0.208561,
      "counterfactual_rung": "replacement-paired",
      "decision_date": "2023-07",
      "decision_type": "fire",
      "expected_alpha_annual": -0.01,
      "forward_gap_factor_adj": -0.025809,
      "forward_gap_raw": -0.11781,
      "horizon_years": 3,
      "kill_criterion": "Cut if trailing 2y factor-adjusted alpha < -2%/yr.",
      "kill_criterion_met": false,
      "manager_id": "P05",
      "subject_forward": 0.326371,
      "thesis": "Trailing 3y in the bottom of the book (-27%); kill criterion tripped, funding a fresh mandate.",
      "value_verdict": "hurt"
    },
    {
      "counterfactual_forward": 0.281291,
      "counterfactual_rung": "peer-median",
      "decision_date": "2023-07",
      "decision_type": "hold-under-review",
      "expected_alpha_annual": 0.0,
      "forward_gap_factor_adj": -0.021733,
      "forward_gap_raw": 0.039282,
      "horizon_years": 3,
      "kill_criterion": "Cut if trailing 2y factor-adjusted alpha < -2%/yr.",
      "kill_criterion_met": false,
      "manager_id": "P04",
      "subject_forward": 0.320573,
      "thesis": "Weak trailing 3y (-7%) but thesis intact; retained under review rather than fired.",
      "value_verdict": "helped"
    },
    {
      "counterfactual_forward": 0.320573,
      "counterfactual_rung": "peer-median",
      "decision_date": "2023-07",
      "decision_type": "hire",
      "expected_alpha_annual": 0.03,
      "forward_gap_factor_adj": 0.003132,
      "forward_gap_raw": -0.112012,
      "horizon_years": 3,
      "kill_criterion": "Cut if trailing 2y factor-adjusted alpha < -2%/yr.",
      "kill_criterion_met": false,
      "manager_id": "P15",
      "subject_forward": 0.208561,
      "thesis": "Trailing 3y top-of-book (+55%); underwriting continued outperformance over the window.",
      "value_verdict": "hurt"
    },
    {
      "counterfactual_forward": -0.044832,
      "counterfactual_rung": "replacement-paired",
      "decision_date": "2024-07",
      "decision_type": "fire",
      "expected_alpha_annual": -0.01,
      "forward_gap_factor_adj": -0.41581,
      "forward_gap_raw": -0.271374,
      "horizon_years": 3,
      "kill_criterion": "Cut if trailing 2y factor-adjusted alpha < -2%/yr.",
      "kill_criterion_met": false,
      "manager_id": "P04",
      "subject_forward": 0.226542,
      "thesis": "Trailing 3y in the bottom of the book (+10%); kill criterion tripped, funding a fresh mandate.",
      "value_verdict": "hurt"
    },
    {
      "counterfactual_forward": 0.131976,
      "counterfactual_rung": "peer-median",
      "decision_date": "2024-07",
      "decision_type": "hold-under-review",
      "expected_alpha_annual": 0.0,
      "forward_gap_factor_adj": -0.166964,
      "forward_gap_raw": -0.15677,
      "horizon_years": 3,
      "kill_criterion": "Cut if trailing 2y factor-adjusted alpha < -2%/yr.",
      "kill_criterion_met": false,
      "manager_id": "P03",
      "subject_forward": -0.024794,
      "thesis": "Weak trailing 3y (+13%) but thesis intact; retained under review rather than fired.",
      "value_verdict": "hurt"
    },
    {
      "counterfactual_forward": -0.139795,
      "counterfactual_rung": "benchmark",
      "decision_date": "2024-07",
      "decision_type": "fire",
      "expected_alpha_annual": -0.01,
      "forward_gap_factor_adj": -0.263697,
      "forward_gap_raw": -0.412128,
      "horizon_years": 3,
      "kill_criterion": "Cut if trailing 2y factor-adjusted alpha < -2%/yr.",
      "kill_criterion_met": false,
      "manager_id": "P08",
      "subject_forward": 0.272333,
      "thesis": "Trailing 3y in the bottom of the book (+15%); kill criterion tripped, funding a fresh mandate.",
      "value_verdict": "hurt"
    },
    {
      "counterfactual_forward": 0.226552,
      "counterfactual_rung": "replacement-paired",
      "decision_date": "2025-07",
      "decision_type": "fire",
      "expected_alpha_annual": -0.01,
      "forward_gap_factor_adj": 0.424459,
      "forward_gap_raw": 0.365273,
      "horizon_years": 3,
      "kill_criterion": "Cut if trailing 2y factor-adjusted alpha < -2%/yr.",
      "kill_criterion_met": true,
      "manager_id": "P03",
      "subject_forward": -0.138721,
      "thesis": "Trailing 3y in the bottom of the book (+13%); kill criterion tripped, funding a fresh mandate.",
      "value_verdict": "helped"
    },
    {
      "counterfactual_forward": 0.176765,
      "counterfactual_rung": "peer-median",
      "decision_date": "2025-07",
      "decision_type": "hold-under-review",
      "expected_alpha_annual": 0.0,
      "forward_gap_factor_adj": 0.099298,
      "forward_gap_raw": 0.221876,
      "horizon_years": 3,
      "kill_criterion": "Cut if trailing 2y factor-adjusted alpha < -2%/yr.",
      "kill_criterion_met": false,
      "manager_id": "P08",
      "subject_forward": 0.398641,
      "thesis": "Weak trailing 3y (+17%) but thesis intact; retained under review rather than fired.",
      "value_verdict": "helped"
    },
    {
      "counterfactual_forward": 0.176765,
      "counterfactual_rung": "peer-median",
      "decision_date": "2025-07",
      "decision_type": "hire",
      "expected_alpha_annual": 0.03,
      "forward_gap_factor_adj": 0.054787,
      "forward_gap_raw": 0.049787,
      "horizon_years": 3,
      "kill_criterion": "Cut if trailing 2y factor-adjusted alpha < -2%/yr.",
      "kill_criterion_met": false,
      "manager_id": "P14",
      "subject_forward": 0.226552,
      "thesis": "Trailing 3y top-of-book (+51%); underwriting continued outperformance over the window.",
      "value_verdict": "helped"
    },
    {
      "counterfactual_forward": 0.317128,
      "counterfactual_rung": "replacement-paired",
      "decision_date": "2026-07",
      "decision_type": "fire",
      "expected_alpha_annual": -0.01,
      "forward_gap_factor_adj": -0.366752,