{
  "alt_beta": {
    "chip": "provisionally alternative beta",
    "ci_hi": 0.108435,
    "ci_lo": -0.043751,
    "level": 0.9
  },
  "drawdown_band": {
    "ar1": -0.039157,
    "breaches_p99": false,
    "p50": [
      0.0,
      0.0,
      -0.003383,
      -0.009529,
      -0.011068,
      -0.014373,
      -0.016329,
      -0.017682,
      -0.020457,
      -0.022443,
      -0.022384,
      -0.023379,
      -0.025136,
      -0.026644,
      -0.028394,
      -0.029053,
      -0.028361,
      -0.029074,
      -0.030111,
      -0.030461,
      -0.029828,
      -0.029821,
      -0.033628,
      -0.034906,
      -0.035175,
      -0.03475,
      -0.036878,
      -0.035736,
      -0.036605,
      -0.036502,
      -0.034572,
      -0.036627,
      -0.036908,
      -0.038127,
      -0.040214,
      -0.040645,
      -0.040883,
      -0.04003,
      -0.038672,
      -0.038217,
      -0.037772,
      -0.039488,
      -0.040743,
      -0.039936,
      -0.037264,
      -0.039104,
      -0.040701,
      -0.03892
    ],
    "p95": [
      0.0,
      -0.044602,
      -0.061631,
      -0.070771,
      -0.083362,
      -0.090481,
      -0.095188,
      -0.100833,
      -0.105186,
      -0.111438,
      -0.117898,
      -0.122843,
      -0.127233,
      -0.129395,
      -0.133005,
      -0.13544,
      -0.13978,
      -0.141029,
      -0.148115,
      -0.146809,
      -0.147116,
      -0.149789,
      -0.154659,
      -0.15598,
      -0.157135,
      -0.15702,
      -0.160254,
      -0.16085,
      -0.161372,
      -0.164887,
      -0.163922,
      -0.169157,
      -0.173374,
      -0.173521,
      -0.175796,
      -0.174186,
      -0.172998,
      -0.177501,
      -0.174078,
      -0.176326,
      -0.173527,
      -0.179005,
      -0.176935,
      -0.177957,
      -0.181557,
      -0.185182,
      -0.190312,
      -0.19187
    ],
    "p99": [
      0.0,
      -0.064651,
      -0.087449,
      -0.103973,
      -0.116982,
      -0.129913,
      -0.129192,
      -0.135808,
      -0.1452,
      -0.150546,
      -0.163818,
      -0.164499,
      -0.173663,
      -0.17292,
      -0.181336,
      -0.184393,
      -0.192518,
      -0.191756,
      -0.198028,
      -0.202016,
      -0.212243,
      -0.203935,
      -0.203084,
      -0.206773,
      -0.219622,
      -0.214226,
      -0.215334,
      -0.221046,
      -0.226951,
      -0.23167,
      -0.231082,
      -0.223195,
      -0.232035,
      -0.233975,
      -0.226453,
      -0.237651,
      -0.239691,
      -0.240002,
      -0.252064,
      -0.250211,
      -0.248348,
      -0.255423,
      -0.256904,
      -0.263006,
      -0.259677,
      -0.269489,
      -0.269229,
      -0.267944
    ],
    "realized": [
      0.0,
      -0.007549,
      -0.004657,
      0.0,
      0.0,
      -0.002375,
      0.0,
      0.0,
      -0.064464,
      -0.049494,
      -0.00818,
      -0.01494,
      -0.015849,
      0.0,
      -0.003322,
      0.0,
      -0.011028,
      -0.012941,
      0.0,
      -0.02623,
      -0.028521,
      -0.051922,
      -0.105276,
      -0.079645,
      -0.044077,
      0.0,
      0.0,
      -0.050472,
      -0.057163,
      -0.051194,
      -0.028394,
      -0.049932,
      -0.029495,
      -0.038122,
      -0.025631,
      -0.000526,
      -0.003012,
      -0.012771,
      -0.032549,
      -0.003179,
      -0.038696,
      -0.072021,
      -0.080196,
      -0.091176,
      -0.099818,
      -0.072023,
      -0.060771,
      -0.059679
    ]
  },
  "factor_betas": {
    "market": 0.231408,
    "momentum": 0.23686,
    "size": 0.070166,
    "value": -0.091131
  },
  "meta": {
    "generator": "s2_tearsheet",
    "manager_code": "M07",
    "manager_name": "Kestrelmoor Partners",
    "months": 48,
    "rf_annual": 0.02,
    "strategy": "equity_long_short",
    "tier": "R"
  },
  "monthly_returns": [
    0.021603,
    -0.001913,
    0.00103,
    0.047147,
    0.037839,
    0.003922,
    0.001594,
    0.032634,
    -0.046766,
    0.001835,
    0.0389,
    0.001971,
    -0.002029,
    0.040696,
    0.005895,
    0.00757,
    -0.007473,
    -0.003615,
    0.064029,
    -0.008138,
    -0.006653,
    -0.020493,
    -0.05109,
    0.013794,
    0.037132,
    0.056034,
    0.034168,
    -0.03695,
    -0.014845,
    0.003959,
    0.021036,
    -0.014228,
    0.013899,
    -0.003637,
    0.009163,
    0.023656,
    0.002436,
    -0.008632,
    -0.018438,
    0.021629,
    -0.024296,
    -0.035173,
    -0.013513,
    -0.011537,
    -0.010072,
    0.023923,
    0.015486,
    0.003055
  ],
  "statistics": {
    "alpha": {
      "ci_hi": 0.108435,
      "ci_lo": -0.043751,
      "point": 0.032342
    },
    "mppm": {
      "point": 0.030511
    },
    "sharpe_desmoothed": {
      "ci_hi": 1.460354,
      "ci_lo": -0.291789,
      "point": 0.597257
    },
    "sharpe_reported": {
      "ci_hi": 1.669494,
      "ci_lo": -0.26107,
      "point": 0.708543
    }
  },
  "theta": [
    0.824455,
    0.175545,
    0.0
  ],
  "unsmoothing": {
    "applied": true,
    "skip_reason": null,
    "vol_ratio": 0.842936
  }
}
