{
  "degradation_table": {
    "T": 48,
    "alpha_estimation": {
      "E": {
        "power": 0.318,
        "rmse": 0.03698,
        "wilson": {
          "half_width": 0.040688,
          "hi": 0.358688,
          "lo": 0.277312,
          "n": 500
        }
      },
      "R": {
        "power": 0.252,
        "rmse": 0.040339,
        "wilson": {
          "half_width": 0.037958,
          "hi": 0.289958,
          "lo": 0.214042,
          "n": 500
        }
      }
    },
    "drift_detection": "deferred (exposure-drift detector, X1 spec \u00a73.2 \u2014 docket D-11)",
    "hit_rate_P": {
      "power": 0.132,
      "wilson": {
        "half_width": 0.02969,
        "hi": 0.16169,
        "lo": 0.10231,
        "n": 500
      }
    },
    "ic": 0.04,
    "sizing_skill_P": {
      "power": 0.234,
      "wilson": {
        "half_width": 0.037024,
        "hi": 0.271024,
        "lo": 0.196976,
        "n": 500
      }
    }
  },
  "headline": {
    "e_tier": {
      "power": 0.82,
      "threshold_months": 120,
      "wilson": {
        "half_width": 0.033635,
        "hi": 0.853635,
        "lo": 0.786365,
        "n": 500
      }
    },
    "r_tier": {
      "power": 0.788,
      "threshold_months": null,
      "wilson": {
        "half_width": 0.035757,
        "hi": 0.823757,
        "lo": 0.752243,
        "n": 500
      }
    },
    "r_tier_false_attribution": {
      "ic": 0.0,
      "months": 120,
      "power": 0.11,
      "wilson": {
        "half_width": 0.027483,
        "hi": 0.137483,
        "lo": 0.082517,
        "n": 500
      }
    },
    "reference": {
      "half_life": 12.0,
      "ic": 0.04,
      "max_months": 120,
      "realized_ir": 0.648,
      "sizing": 0.8,
      "target_power": 0.8
    }
  },
  "meta": {
    "generator": "x1_atlas",
    "n_reps": 500,
    "seed": 20260706,
    "view": "sampler"
  },
  "power_curves": [
    {
      "T": [
        24,
        36,
        48,
        60,
        120
      ],
      "ic": 0.02,
      "ols_ttest": [
        0.106,
        0.11,
        0.096,
        0.134,
        0.168
      ],
      "ols_ttest_wilson": [
        {
          "half_width": 0.027047,
          "hi": 0.133047,
          "lo": 0.078953,
          "n": 500
        },
        {
          "half_width": 0.027483,
          "hi": 0.137483,
          "lo": 0.082517,
          "n": 500
        },
        {
          "half_width": 0.025907,
          "hi": 0.121907,
          "lo": 0.070093,
          "n": 500
        },
        {
          "half_width": 0.029876,
          "hi": 0.163876,
          "lo": 0.104124,
          "n": 500
        },
        {
          "half_width": 0.032744,
          "hi": 0.200744,
          "lo": 0.135256,
          "n": 500
        }
      ],
      "posterior": [
        0.274,
        0.302,
        0.346,
        0.356,
        0.404
      ],
      "posterior_wilson": [
        {
          "half_width": 0.038983,
          "hi": 0.312983,
          "lo": 0.235017,
          "n": 500
        },
        {
          "half_width": 0.040119,
          "hi": 0.342119,
          "lo": 0.261881,
          "n": 500
        },
        {
          "half_width": 0.041554,
          "hi": 0.387554,
          "lo": 0.304446,
          "n": 500
        },
        {
          "half_width": 0.041824,
          "hi": 0.397824,
          "lo": 0.314176,
          "n": 500
        },
        {
          "half_width": 0.042853,
          "hi": 0.446853,
          "lo": 0.361147,
          "n": 500
        }
      ],
      "realized_ir": 0.295
    },
    {
      "T": [
        24,
        36,
        48,
        60,
        120
      ],
      "ic": 0.04,
      "ols_ttest": [
        0.14,
        0.184,
        0.252,
        0.262,
        0.468
      ],
      "ols_ttest_wilson": [
        {
          "half_width": 0.030423,
          "hi": 0.170423,
          "lo": 0.109577,
          "n": 500
        },
        {
          "half_width": 0.03392,
          "hi": 0.21792,
          "lo": 0.15008,
          "n": 500
        },
        {
          "half_width": 0.037958,
          "hi": 0.289958,
          "lo": 0.214042,
          "n": 500
        },
        {
          "half_width": 0.038439,
          "hi": 0.300439,
          "lo": 0.223561,
          "n": 500
        },
        {
          "half_width": 0.043571,
          "hi": 0.511571,
          "lo": 0.424429,
          "n": 500
        }
      ],
      "posterior": [
        0.462,
        0.534,
        0.596,
        0.636,
        0.788
      ],
      "posterior_wilson": [
        {
          "half_width": 0.043534,
          "hi": 0.505534,
          "lo": 0.418466,
          "n": 500
        },
        {
          "half_width": 0.043559,
          "hi": 0.577559,
          "lo": 0.490441,
          "n": 500
        },
        {
          "half_width": 0.042853,
          "hi": 0.638853,
          "lo": 0.553147,
          "n": 500
        },
        {
          "half_width": 0.042026,
          "hi": 0.678026,
          "lo": 0.593974,
          "n": 500
        },
        {
          "half_width": 0.035757,
          "hi": 0.823757,
          "lo": 0.752243,
          "n": 500
        }
      ],
      "realized_ir": 0.648
    },
    {
      "T": [
        24,
        36,
        48,
        60,
        120
      ],
      "ic": 0.1,
      "ols_ttest": [
        0.56,
        0.716,
        0.812,
        0.908,
        0.994
      ],
      "ols_ttest_wilson": [
        {
          "half_width": 0.043346,
          "hi": 0.603346,
          "lo": 0.516654,
          "n": 500
        },
        {
          "half_width": 0.03941,
          "hi": 0.75541,
          "lo": 0.67659,
          "n": 500
        },
        {
          "half_width": 0.034199,
          "hi": 0.846199,
          "lo": 0.777801,
          "n": 500
        },
        {
          "half_width": 0.025428,
          "hi": 0.933428,
          "lo": 0.882572,
          "n": 500
        },
        {
          "half_width": 0.007724,
          "hi": 1.0,
          "lo": 0.986276,
          "n": 500
        }
      ],
      "posterior": [
        0.834,
        0.94,
        0.978,
        0.99,
        0.998
      ],
      "posterior_wilson": [
        {
          "half_width": 0.032589,
          "hi": 0.866589,
          "lo": 0.801411,
          "n": 500
        },
        {
          "half_width": 0.021007,
          "hi": 0.961007,
          "lo": 0.918993,
          "n": 500
        },
        {
          "half_width": 0.013317,
          "hi": 0.991317,
          "lo": 0.964683,
          "n": 500
        },
        {
          "half_width": 0.009457,
          "hi": 0.999457,
          "lo": 0.980543,
          "n": 500
        },
        {
          "half_width": 0.005444,
          "hi": 1.0,
          "lo": 0.992556,
          "n": 500
        }
      ],
      "realized_ir": 1.567
    }
  ],
  "registry_snippet": {
    "metrics": {
      "hit_rate": {
        "effect": "separate hit 55% from 50%",
        "gate_quantity": "independent_trades",
        "min_tier": "P",
        "power_at_threshold": 0.8,
        "size": 0.05,
        "threshold": null
      },
      "ols_alpha_ttest": {
        "effect": "true IR 0.5",
        "gate_quantity": "months",
        "min_tier": "R",
        "power_at_threshold": 0.8,
        "size": 0.05,
        "threshold": null
      }
    },
    "run": {
      "atlas_volume": "sampler",
      "replications": 500,
      "seed": 20260706
    },
    "version": 1
  }
}
